gene_name,epoch,loss
DERA,9,0.86852777
DERA,19,0.86823833
DERA,29,0.8679194
DERA,39,0.8675271
DERA,49,0.8670163
DERA,59,0.86636704
DERA,69,0.8656418
DERA,79,0.86499935
DERA,89,0.86458033
DERA,99,0.86437726
DERA,109,0.86429614
DERA,119,0.8642677
DERA,129,0.86426365
DERA,139,0.8642727
DERA,149,0.8642893
DERA,159,0.86431164
