gene_name,epoch,loss
COX16,9,0.937618
COX16,19,0.93383807
COX16,29,0.92773515
COX16,39,0.9166918
COX16,49,0.90021557
COX16,59,0.89014226
COX16,69,0.8882929
COX16,79,0.8883478
COX16,89,0.88876396
COX16,99,0.8888616
