gene_name,epoch,loss
ABHD15-AS1,9,0.9673332
ABHD15-AS1,19,0.9660183
ABHD15-AS1,29,0.9640281
ABHD15-AS1,39,0.960536
ABHD15-AS1,49,0.9545996
ABHD15-AS1,59,0.94727707
ABHD15-AS1,69,0.94333696
ABHD15-AS1,79,0.942495
ABHD15-AS1,89,0.9426104
ABHD15-AS1,99,0.94273937
ABHD15-AS1,109,0.9426043
