gene_name,epoch,loss
TRIM8,9,0.9706539
TRIM8,19,0.96963954
TRIM8,29,0.9683311
TRIM8,39,0.9664642
TRIM8,49,0.964216
TRIM8,59,0.96246797
TRIM8,69,0.96165925
TRIM8,79,0.9614017
TRIM8,89,0.9611989
TRIM8,99,0.9609658
TRIM8,109,0.96087646
TRIM8,119,0.96084553
TRIM8,129,0.9608194
TRIM8,139,0.9608015
TRIM8,149,0.9607949
TRIM8,159,0.96079403
TRIM8,169,0.9607966
TRIM8,179,0.96080196
TRIM8,189,0.9608094
