gene_name,epoch,loss
BSCL2,9,0.70209736
BSCL2,19,0.70130086
BSCL2,29,0.7004072
BSCL2,39,0.6992345
BSCL2,49,0.6975066
BSCL2,59,0.69475645
BSCL2,69,0.69016784
BSCL2,79,0.6839074
BSCL2,89,0.6743084
BSCL2,99,0.6641496
BSCL2,109,0.6631779
BSCL2,119,0.66388714
BSCL2,129,0.66401845
BSCL2,139,0.6634955
