gene_name,epoch,loss
COMMD6,9,0.7869871
COMMD6,19,0.78457075
COMMD6,29,0.7807177
COMMD6,39,0.7734407
COMMD6,49,0.7576927
COMMD6,59,0.7234078
COMMD6,69,0.66407704
COMMD6,79,0.63976043
COMMD6,89,0.6386483
COMMD6,99,0.6388644
COMMD6,109,0.639622
COMMD6,119,0.6405329
