gene_name,epoch,loss
SMAP1,9,0.83304673
SMAP1,19,0.8307791
SMAP1,29,0.82751805
SMAP1,39,0.8217255
SMAP1,49,0.81095994
SMAP1,59,0.7954508
SMAP1,69,0.7853794
SMAP1,79,0.78314036
SMAP1,89,0.7831534
SMAP1,99,0.78354573
SMAP1,109,0.7835396
