gene_name,epoch,loss
KLHL28,9,0.9048744
KLHL28,19,0.9033795
KLHL28,29,0.90113425
KLHL28,39,0.8971811
KLHL28,49,0.8895807
KLHL28,59,0.8764435
KLHL28,69,0.8645726
KLHL28,79,0.86178416
KLHL28,89,0.86188227
KLHL28,99,0.86240053
KLHL28,109,0.8623163
