gene_name,epoch,loss
TMSB15B,9,0.8344202
TMSB15B,19,0.8339252
TMSB15B,29,0.83332413
TMSB15B,39,0.8325258
TMSB15B,49,0.8315096
TMSB15B,59,0.83039176
TMSB15B,69,0.8294568
TMSB15B,79,0.8288643
TMSB15B,89,0.82847625
TMSB15B,99,0.82825315
TMSB15B,109,0.8281514
TMSB15B,119,0.8280997
TMSB15B,129,0.82807314
TMSB15B,139,0.8280646
TMSB15B,149,0.82806885
TMSB15B,159,0.828081
TMSB15B,169,0.8280981
