gene_name,epoch,loss
MED10,9,0.8865626
MED10,19,0.8835517
MED10,29,0.8787261
MED10,39,0.8696494
MED10,49,0.85177267
MED10,59,0.8252379
MED10,69,0.8088552
MED10,79,0.8068528
MED10,89,0.8069652
MED10,99,0.8075962
MED10,109,0.8080652
