gene_name,epoch,loss
EIF3K,9,0.9101344
EIF3K,19,0.90760845
EIF3K,29,0.9037094
EIF3K,39,0.89650786
EIF3K,49,0.8814309
EIF3K,59,0.8464547
EIF3K,69,0.802515
EIF3K,79,0.79661256
EIF3K,89,0.79642373
EIF3K,99,0.79694283
EIF3K,109,0.79787344
EIF3K,119,0.79836065
