gene_name,epoch,loss
ANKRD37,9,0.9417459
ANKRD37,19,0.9411712
ANKRD37,29,0.94051164
ANKRD37,39,0.9395718
ANKRD37,49,0.9381354
ANKRD37,59,0.93571025
ANKRD37,69,0.9311242
ANKRD37,79,0.9218293
ANKRD37,89,0.90865695
ANKRD37,99,0.9020364
ANKRD37,109,0.90101594
ANKRD37,119,0.9013436
ANKRD37,129,0.90150625
ANKRD37,139,0.90121543
