gene_name,epoch,loss
WDR33,9,0.76584655
WDR33,19,0.7630088
WDR33,29,0.7584393
WDR33,39,0.7508239
WDR33,49,0.7398254
WDR33,59,0.73028946
WDR33,69,0.7257998
WDR33,79,0.725453
WDR33,89,0.72585386
WDR33,99,0.7258609
WDR33,109,0.725538
