gene_name,epoch,loss
DCTN3,9,0.8810385
DCTN3,19,0.87736344
DCTN3,29,0.87087226
DCTN3,39,0.8569014
DCTN3,49,0.8252298
DCTN3,59,0.778124
DCTN3,69,0.7676562
DCTN3,79,0.7670798
DCTN3,89,0.7673917
DCTN3,99,0.76812553
DCTN3,109,0.76876926
