gene_name,epoch,loss
ACTB,9,0.60544443
ACTB,19,0.6031332
ACTB,29,0.59968346
ACTB,39,0.5932174
ACTB,49,0.57889
ACTB,59,0.54637796
ACTB,69,0.47710994
ACTB,79,0.35132176
ACTB,89,0.3142344
ACTB,99,0.31352797
ACTB,109,0.3136501
ACTB,119,0.3141843
ACTB,129,0.31529218
