gene_name,epoch,loss
DNAJC8,9,0.8968828
DNAJC8,19,0.89348626
DNAJC8,29,0.888217
DNAJC8,39,0.8790178
DNAJC8,49,0.86435497
DNAJC8,59,0.84982884
DNAJC8,69,0.8446409
DNAJC8,79,0.8439667
DNAJC8,89,0.844268
DNAJC8,99,0.84464514
DNAJC8,109,0.8446268
