gene_name,epoch,loss
LIPA,9,0.9508825
LIPA,19,0.95072204
LIPA,29,0.95057327
LIPA,39,0.9504241
LIPA,49,0.9502573
LIPA,59,0.9500585
LIPA,69,0.9498148
LIPA,79,0.9495109
LIPA,89,0.9491326
LIPA,99,0.9486695
LIPA,109,0.94813025
LIPA,119,0.9475587
LIPA,129,0.9470391
LIPA,139,0.9466516
LIPA,149,0.9464188
LIPA,159,0.9463075
LIPA,169,0.94626755
LIPA,179,0.9462636
LIPA,189,0.946279
LIPA,199,0.94630456
LIPA,209,0.94633424
