gene_name,epoch,loss
ARMH4,9,0.596548
ARMH4,19,0.5943382
ARMH4,29,0.5910295
ARMH4,39,0.5849618
ARMH4,49,0.5729246
ARMH4,59,0.5547904
ARMH4,69,0.53605634
ARMH4,79,0.5287062
ARMH4,89,0.5283955
ARMH4,99,0.529162
ARMH4,109,0.529657
ARMH4,119,0.5292548
