gene_name,epoch,loss
CAPNS1,9,0.90652347
CAPNS1,19,0.9058996
CAPNS1,29,0.9052025
CAPNS1,39,0.90426505
CAPNS1,49,0.9028872
CAPNS1,59,0.90101826
CAPNS1,69,0.89893126
CAPNS1,79,0.8972492
CAPNS1,89,0.8962795
CAPNS1,99,0.895817
CAPNS1,109,0.8955994
CAPNS1,119,0.8954862
CAPNS1,129,0.89541817
CAPNS1,139,0.895375
CAPNS1,149,0.8953481
CAPNS1,159,0.8953312
CAPNS1,169,0.89532065
CAPNS1,179,0.89531493
CAPNS1,189,0.8953125
CAPNS1,199,0.8953122
CAPNS1,209,0.8953132
CAPNS1,219,0.895316
CAPNS1,229,0.89531934
