gene_name,epoch,loss
PTMS,9,0.6369206
PTMS,19,0.63010836
PTMS,29,0.6175539
PTMS,39,0.59189934
PTMS,49,0.54592127
PTMS,59,0.4690655
PTMS,69,0.44670764
PTMS,79,0.44594297
PTMS,89,0.4461131
PTMS,99,0.4466772
PTMS,109,0.44756836
