gene_name,epoch,loss
C4orf3,9,0.9443663
C4orf3,19,0.9407758
C4orf3,29,0.9341431
C4orf3,39,0.9198444
C4orf3,49,0.88928896
C4orf3,59,0.8572655
C4orf3,69,0.85184664
C4orf3,79,0.851481
C4orf3,89,0.8517952
C4orf3,99,0.852399
C4orf3,109,0.85284823
